rpm,phi,rgf,p_ivc_bar,misfire,error,theta_IGN,theta_25,theta_50,theta_75,theta_90,C_eff,T_peak_K,P_TDC_bar,phi_prime,gamma_ivc,IMEP_bar
3712.6945053718414,0.28280560780123976,0.5504713402669621,1.478782899636758,False,,-14.162343621767489,-5.4338024570212795,-1.590110434635816,2.7872818906690093,7.193147298541356,0.9796565512653234,1149.3119987424511,47.189889700021865,0.12712922583987848,1.37131730209754,0.7609900167779404
3019.0153499332764,0.7266757457170401,0.5443161154045788,1.2027408871122254,False,,-22.19208438077879,-2.4986713678290613,3.0080299446489507,9.432848662735365,15.988607411044041,0.8950570584204158,1074.8571905990646,36.42051325709037,0.33113442664961534,1.3503399344072784,0.7706333271117329
3684.4730719627946,0.695976178212516,0.4653750720698994,1.958895898700872,False,,-18.693311087531576,-4.227998594049971,-0.470232699639692,2.5070912066024573,4.4133206689340545,1.0,2033.997172933965,59.3345508142151,0.3720862141179332,1.3504827985242467,8.8121362937773
3339.7843269310565,0.7732273701593508,0.3567643399186836,2.401335985983472,False,,-36.75699138515408,-9.102924958534935,-6.000141069680657,-4.292002773615274,-3.4306082892985956,0.9999999999999999,2364.825842264197,71.7624691970061,0.4973674178373904,1.3452004936980912,14.272339614362409
3481.6759488300713,0.47583660901971087,0.21766578299332584,2.0085954169827245,False,,-14.185286576170384,-6.003084821626974,-3.356322997309876,-1.4324189641105805,-0.2804526779319904,1.0,2138.060018591122,62.04679710119928,0.37226326094054646,1.3582138290050085,9.427041704797485
3009.8687598577208,0.6826214753688704,0.49257696883649704,1.3291273250664686,False,,-15.765778291120746,-2.6155509783011777,2.1633433634501182,6.994187632440922,10.847307752439432,0.9996746413272061,1837.1533453332584,40.36756813585391,0.3463778581689747,1.3515003158964631,5.195944800447895
3115.8856135448655,0.5765847552337878,0.4275174594803073,1.5504061283445725,False,,-13.977460247705292,-4.092483798289893,-0.485503068344624,2.6591782453789716,4.801841811723886,1.0,1948.3066742067078,47.565112274374776,0.33008470550116403,1.3555476878299022,6.2821903104102725
2823.250303128652,0.6527480703105223,0.4387640065858913,2.4384154376393923,False,,-14.5780313211558,-6.596057285196148,-4.1483148540743535,-2.442217941982135,-1.429827987380905,0.9999999924833038,2076.067909139085,74.1930642260001,0.36634571168986846,1.3520839822989439,10.615454264959732
2088.466786560667,0.5193012375819535,0.4593336393250829,1.3499079716281124,False,,-14.751026992524888,-6.399451384060718,-3.330078066221879,-0.6981812902901064,1.098421698048102,0.9999999999998505,1857.0218695943295,41.745452215360864,0.2807687102174153,1.3587136422017447,4.7372380540515415
1792.576440078033,0.3690268064607402,0.5851109299875765,2.1869524529276596,False,,-17.452362976990617,-10.416374323903828,-8.019104043116739,-5.948307572496591,-4.42286493993786,0.999999997583869,1515.2095698759383,69.1389597670653,0.1531051885421511,1.36729967968368,4.255256068230695
1437.4886040563292,0.5601218882418163,0.5674628676600322,1.990174196184038,False,,-17.190666873857662,-10.012435425297287,-7.769224400884204,-6.03942069988541,-4.902775604293445,0.9999999997794367,1774.4381993752572,61.46658739479939,0.24227351530096317,1.358108209774547,5.977260738750533
2142.8302634645156,0.5958861919336459,0.20852195267057558,1.8221595159776904,False,,-15.70344546365658,-7.802167913219866,-5.6581750086469205,-4.339917765325922,-3.626038194406852,1.0,2357.5223925104196,55.36587065245001,0.47163083962220864,1.351712772375362,10.509949737866346
1345.2110723462442,0.6596809137194792,0.5772412294266913,1.2796041950109742,False,,-14.41269655541918,-6.860042164241235,-3.9430145918280863,-1.4555560086659396,0.24548848542753374,0.9999999999999984,1821.623463197004,39.090193631828114,0.27888589205472397,1.3537754946516392,4.359858617991573
2062.1759210189207,0.32764451896928437,0.3981158796450627,1.0904375142822997,False,,-15.501426393073986,-7.483020828808864,-4.3218961274141225,-1.3333339694337407,0.9640168877193713,0.999995455616941,1620.9326636854626,34.49118126055267,0.1972040330889443,1.3678763568798045,2.723953268977855
1945.8448577448548,0.2678164130538382,0.5659513844239349,1.2573933919534421,False,,-16.321189642250015,-8.567714443099492,-5.504642664123099,-2.4151093790197518,0.2584968715340698,0.9982368214938043,1244.045636928251,40.24022657247129,0.11624534331456608,1.3721810091380033,1.0960798241418912
2932.7276780497637,0.7145497606961217,0.3009254688313452,2.4192265346218575,False,,-29.643630746394138,-9.249432806740524,-6.630212620555728,-5.205082002103517,-4.492191503144104,1.0,2390.515269278743,72.63814060989256,0.4995235389553158,1.3470809806515864,14.511515960273838
3302.3660858924372,0.2724947761244832,0.2861589596576228,1.7662959953115283,False,,-15.438011389418225,-7.4866390625314825,-4.5567594580827,-1.8899882324319244,0.1186003645667777,0.9999999839109461,1623.5391184723987,56.22728700305383,0.19451795447656425,1.3701221107232968,4.432836742888798
2169.740844799984,0.6272321029967101,0.34480264279751527,2.2712006237742175,False,,-16.206882959983716,-8.546698161359055,-6.461120207819803,-5.15172026909733,-4.42024511280246,1.0,2201.3437780347276,69.05122776927581,0.4109608162360011,1.351976374502645,11.397356458559495
1401.0955793189776,0.5671562940202356,0.2562006766729078,1.5735683740808004,False,,-17.141995196315584,-9.78388644034926,-7.797772776831442,-6.537857144042202,-5.836531395403175,1.0,2247.904737169857,48.097207031597485,0.4218504677129526,1.3538250726134808,8.083039234742401
2578.8374997928886,0.7366904174263655,0.3081432261588624,1.85270127238617,False,,-31.040817522378898,-8.187411219274907,-5.343376695817442,-3.689874216569881,-2.831910927253071,1.0,2400.868732809351,55.51213701905984,0.5096842555202863,1.3461296706328534,11.320964038238362
2043.6849970519095,0.5395617504034196,0.5829399803262649,1.0129762791931312,False,,-13.584191850030653,-4.43491908961775,-0.27526667135180455,4.275410419832682,8.25950263412453,0.9887579368723306,1239.3168616932412,31.37166483992893,0.2250296342384451,1.3592407114170117,1.5826545031014854
3149.1045149144634,0.5065014643309462,0.5157804334618016,1.5753852952831535,False,,-13.251217805773416,-4.277185807741871,-0.5351070651984008,3.1265665184803955,6.0151815945933995,0.9999206614909248,1613.8264224102,48.78518770850887,0.24525791950929354,1.3599872707608167,4.618974386460371
1374.7691659846926,0.38309489386951767,0.37232829303617376,1.4671214675860138,False,,-17.731586700892848,-10.610192707473843,-8.332289842094653,-6.542195679465911,-5.361948621296269,0.9999999998284516,1811.1833236759499,46.07021319081639,0.240457825964206,1.3647157510387593,4.465710348253542
2592.566642560912,0.39641554905420506,0.39183546165952066,1.5465969804769357,False,,-15.100499620887472,-7.0461239325052665,-4.110401316016123,-1.550534441168193,0.2548219822249168,0.9999999997368451,1777.252510099904,48.499518241359446,0.24108587938153828,1.3641930654312586,4.760470136988553
1448.951638924603,0.7779680656927999,0.4706199320511132,1.4979128385011538,False,,-46.530613300730536,-13.107073234757213,-9.69271532958668,-7.691053942099754,-6.59338863814863,0.9999999999999997,2163.841738713362,44.95372409912921,0.41184078747851843,1.3468861753736365,7.28126229363703
3734.4384209802283,0.35758848281528555,0.2607242159091657,1.0489658750009696,False,,-13.000039482667855,-3.3986627096309276,1.0464754549905104,6.065116072690221,10.738504431702808,0.9870243815071348,1245.1565270672909,32.9776851955327,0.26435650601512206,1.3651353909549822,1.7830027384409923
2513.106145871061,0.4264026852202454,0.4218930232007496,2.2796586394912195,False,,-16.381687140437684,-8.889963434602562,-6.502653972642963,-4.6368590776038445,-3.4090214310981692,0.9999999999961683,1814.0417235674497,71.24505556000102,0.24650636725175845,1.3629325807739334,7.159079557350778
2557.242587527399,0.4620617771391115,0.32276469010487707,1.71343599852029,False,,-15.140493922573691,-7.186636003094406,-4.550738339281649,-2.5082676845022687,-1.2130748174796815,0.9999999999999993,1982.4151202636554,53.162858299505935,0.3129245508314974,1.3600755142247647,6.777895619428088
3531.870600816227,0.798145388580688,0.5705673675228919,1.189896856599196,True,,,,,,,,,,,,
1507.0224445109825,0.3875464650282274,0.4935405784834167,1.8053533993452993,True,,,,,,,,,,,,
3838.8902886970163,0.7825300459037776,0.2489004626255574,1.4106934476391744,False,,-22.760540100514415,-1.3866713019837438,3.2620693241871037,6.707829676103252,8.650031575292626,1.0,2494.9398580199017,41.91238490156751,0.5877579554599287,1.3429600302330504,9.623869134280769
1824.505036274656,0.24326565097732583,0.26469694836172863,1.8747149516121289,False,,-18.412651946016354,-11.294422105251515,-9.016099601324147,-7.126965007470361,-5.799091170154481,0.9999999999995568,1661.410382018563,59.92470714083854,0.1788739755223983,1.3716716927811456,4.359303345848653
1485.1744900226493,0.5471039021552906,0.29941075739020256,1.1142923214488454,False,,-15.467636431203713,-7.52631333711288,-4.916067823041674,-2.9703930894397703,-1.8109316124973383,0.9999999999932306,2144.7381608542437,34.17151752562335,0.38329510843983977,1.3553989057870819,5.276514613655499
1531.0907208289937,0.491750766992226,0.20305185226286704,1.5073024074728674,False,,-17.14532813097969,-9.671811545105744,-7.582499281299338,-6.1977850252887565,-5.406482118766693,1.0,2193.1738675796355,46.394127129563884,0.39189986290276896,1.3571888310712792,7.303778775592462
904.09624100924,0.600486988017281,0.5184807457005547,1.3099704579400595,False,,-16.407336737309514,-9.590131234133137,-7.184535753684548,-5.247945977489585,-3.7736365384288937,1.0,1888.4716821658303,40.19721435020092,0.2891460466866011,1.355618215843144,4.613492567885242
3890.460241441176,0.34041994077431204,0.2692326200303504,1.7120323430477977,False,,-14.201518451927743,-5.6716463479484505,-2.4417987584231637,0.479879054489272,2.6141026334909743,0.9999999999731451,1782.1921182828712,53.931883166272314,0.24876778820906728,1.3661640062805842,5.453755177049838
3219.1670990976263,0.39170288682654053,0.45091001795237706,2.240391906351029,False,,-15.333882657322171,-7.451497448336131,-4.694821316656607,-2.333520578796278,-0.6488310218809273,1.0,1700.9978106833496,70.46098879291233,0.2150801310955872,1.364978038089141,6.1789173241256
1107.3736159718146,0.3136651216845405,0.3788947700088582,1.3809915949691058,False,,-18.72757398080657,-11.871730851493217,-9.64709970029246,-7.837018399354044,-6.586203499860978,1.0,1694.0066985628239,43.78404046999705,0.19481904754407603,1.3684818205795097,3.4187730271339674
1169.5933576267037,0.3372298192823048,0.23963808086288185,1.4540969988370023,False,,-19.460024605722772,-12.132348964806969,-10.03929409611302,-8.49052022901208,-7.5091542627164145,0.9999999999999817,1873.1728690445193,45.82083353174684,0.2564167125797568,1.3661078427269207,4.697197136625314
2441.7307450665858,0.20003812217972083,0.5870277424458169,1.878142399756788,False,,-16.692511882897865,-9.162542907182775,-6.228392786480727,-3.2422077147163977,-0.5643194924427047,0.9989678793483564,1207.3374602207252,60.63943658500853,0.08261019491345882,1.3757692890142266,1.010534648609781
3416.2455335765726,0.48553276680151075,0.22827047213204518,1.733550886852115,False,,-13.773882402257335,-5.136004474503685,-2.196662855294581,0.04308997762440567,1.4125523790920773,1.0,2130.336826487448,53.3964151731456,0.3746999728881517,1.357805489296761,8.15916065235666
3259.4130018103738,0.6716916936841613,0.542087807570421,2.398819166649231,False,,-21.73286607532424,-6.715472314374099,-3.5008324681959957,-1.0617459677593275,0.49353211232458877,0.9999999994865846,1900.0941866039307,73.04913110200287,0.3075758160916515,1.352727994442307,9.065122569599511
921.6290277251987,0.4848919396005984,0.29391236025268547,2.163797990352003,False,,-24.048541422826855,-15.245229928347353,-13.482796114976273,-12.466585422899001,-11.921620575333483,1.0,2093.326897588294,66.93617565194626,0.34237620516508394,1.3585651521261346,8.844663732557315
2753.4189436973593,0.2986876974203857,0.2335439561648874,2.371987867812429,False,,-17.040893748435007,-9.799333640769603,-7.512444036291337,-5.715982942104679,-4.522457621901246,0.9999999995839252,1799.219257241356,75.13431732627309,0.228930990907048,1.3682638118361459,7.046231289843904
1244.8762961913942,0.4052355030246513,0.4890302738728663,2.4310617858846033,False,,-19.900604356118702,-13.163692357038478,-11.233603716098774,-9.805941751829614,-8.880620991603317,0.9999999998448458,1720.909813430975,76.29351949799309,0.20706307399749735,1.3646481184964243,6.2897425541729435
2396.726455135694,0.4658444366393755,0.5994890522779184,1.522759146148028,False,,-14.483954867942606,-6.164521774516795,-2.805226778324631,0.4950594100066639,3.1330747522478037,0.999739660687086,1359.46918458204,47.564809908645124,0.1865757968094955,1.3628339421296565,2.829169806253247
3050.6831255594443,0.7306271897958128,0.5593452177809515,2.1461209540887487,False,,-35.48099327146409,-7.262246160201897,-3.644862085533167,-0.9283096944918956,0.8023211554938838,0.9999999999997361,1919.7424055221393,65.0325500566753,0.3219543652027893,1.350406757276359,8.39725334286557
2901.3393159557318,0.4559793773690887,0.534281976234614,1.1407626999510558,False,,-13.211496932740324,-3.902628820363252,0.4325907880296498,5.3839920142760205,10.136924559463452,0.9796120683682427,1157.70145748098,35.642119804745256,0.21235781450610317,1.3626102042461405,1.0841188417778964
3143.4177998765726,0.5824683503418969,0.3410191252145237,2.4677360423847388,False,,-14.926073050727176,-6.883459256315319,-4.504221672171807,-2.896901150204136,-1.9738402822626018,0.9999999999408843,2143.005421362846,75.48657373344045,0.3838355030431565,1.3541375058985243,11.747509623953132
1006.5075975848639,0.23531978214975519,0.3361179739413933,1.074438617257596,False,,-18.77748800747773,-11.883285803669532,-9.491201931889552,-7.405738638696278,-5.864189421954775,0.9999999997535938,1584.8037348797143,34.42565247473522,0.15622457374524942,1.3725385531619034,2.142504845575306
3858.6413682191746,0.36255707977324236,0.4144571192907881,1.3630547092869127,False,,-13.31911344467084,-4.159524522991591,-0.10037801113247358,4.314032421406399,8.319557114347857,0.9906318540192528,1221.2335090202746,42.962658361029426,0.21229271691194387,1.3661633005396336,1.7030749842882669
1259.2692043135685,0.4301408678696952,0.4483308627126589,1.6357012812181093,False,,-18.10803478908063,-11.082884436010255,-8.908118135494979,-7.232061009813712,-6.136269971499338,1.0,1793.1158085467691,51.14154598191927,0.23729544148970294,1.3630047515607049,4.867375051052809
3067.567149009515,0.5920197872338282,0.21022325592799931,2.289945488554838,False,,-14.985447373396577,-6.820952036094561,-4.564657465750098,-3.182293683487389,-2.4393010183378716,1.0,2349.3298136182343,69.65752851041786,0.46756345998773147,1.3519371197286207,13.173308059583007
2739.0281006164787,0.44037595785343986,0.3565838016953791,1.3930600244709148,False,,-14.25571512835755,-5.788886666021417,-2.595550680174075,0.1977269661090664,2.131814608033278,1.0,1876.3968492831739,43.410803547407845,0.28334502462681627,1.3615592095264386,4.987022749756643
1956.427330355171,0.7594705129812462,0.5561988680097869,1.4322610710085462,False,,-43.26198131264193,-8.561824354462642,-4.675781391206122,-1.7154059590721145,0.16246082641556078,0.9999999999930876,1954.6290667880555,43.232829848944526,0.3370538733742649,1.3491126991945024,5.806003004393192
2244.548570269794,0.2510159145583742,0.3292245308601119,1.9308653801175117,False,,-17.43424905518324,-10.142842980663968,-7.677404049561014,-5.550650372345069,-3.9971105015034083,1.0,1602.2913908417627,61.70954905665699,0.16837531784947152,1.371610421092848,4.231784660673023
1640.8698239585256,0.4360761827537391,0.52994054405341,1.7611357000404282,False,,-16.919921335782803,-9.658696058437172,-7.218819414849473,-5.193878264627354,-3.7879574885841025,0.9999999999408526,1688.2815549850816,55.154129540497934,0.20498173321648838,1.3635276590615957,4.5735284861116305
1324.8535707479455,0.7624773688148889,0.24041665019255132,1.4143608546647224,True,,,,,,,,,,,,
2227.896083144632,0.34876080218524325,0.5958777921233414,1.215674821496957,False,,-15.082719376832202,-6.884168749673747,-3.4370986300425526,0.1424546846922915,3.3033401590155624,0.9946236317520235,1221.462676824184,38.527191142031256,0.1409419853999351,1.3683754670686377,1.1352909675723266
2463.8395781146664,0.66566130523112,0.4446563094755376,1.032342855384079,False,,-11.869549172354406,-1.6367089642996056,3.2883452554529073,8.754372074777924,13.404556342074681,0.9916759660291207,1838.791094702138,31.360310838844704,0.3696708058863808,1.3515678049689859,4.1780545537729425
1063.171793291805,0.3243812309817483,0.4669081248299783,1.5950302725771883,False,,-19.35490156919695,-12.473634233745761,-10.294854038928756,-8.516194229291115,-7.264482898192917,0.9999999995391532,1628.4734371660081,50.58565285833624,0.17292499869402017,1.3685778536936346,3.494537831630178
2416.688425509142,0.6178705895681325,0.29116022991473345,1.6641563671030961,False,,-14.2382331611465,-5.948444114709305,-3.379243627291337,-1.6175819066558415,-0.6074074313015798,1.0,2262.7084490385546,50.558105476611566,0.4379712466519231,1.3517007893784283,8.9445079769116
959.6283656611147,0.6638517198500058,0.4562272592740449,2.1540292665798395,False,,-19.743802898741713,-12.746835059087912,-11.020672338671128,-9.974752680147269,-9.37194811024921,1.0,2078.3848124697333,65.50821091892314,0.36098446913847665,1.3518210152609202,9.199517347878547
1578.2248329753625,0.41447360960072943,0.36644480381014943,1.8300695792030444,False,,-17.823722490408112,-10.721845244933357,-8.580020319727518,-6.986612065142396,-5.972631416038459,0.9999999999999677,1869.0564052208108,57.21740631721446,0.2625919090461057,1.3630098911584687,6.056146463372982
2289.4353801548614,0.2258766790477183,0.20563221775358642,2.323201600837861,False,,-18.245645517736563,-11.174560522000029,-8.938565479132427,-7.106510944298301,-5.826713714473015,1.0,1667.8339107232762,74.36795025593996,0.17942915659632094,1.3723638437965966,5.453796720806377
1996.920264968924,0.689894259918318,0.2831486819694525,2.335316981613302,False,,-32.944337764584745,-12.309449284034132,-9.925223120813094,-8.732930053347994,-8.160183151275078,1.0,2400.6918396600913,70.28104805216718,0.49455160952415544,1.348010260505763,13.6832473165364
3945.507331679659,0.3540925079520174,0.549210850429652,2.221882655302097,False,,-14.388976677646777,-6.0625866967982525,-2.763709385325818,0.5124099390240253,3.261134266798977,0.999451487061247,1263.7196301784948,70.30363466352404,0.1596210605289216,1.3677277878640346,2.642038898834506
1895.4407874003348,0.7891723413863236,0.22238426639220688,2.3105798325600992,False,,-41.052044852726205,-16.610189849231364,-13.364418213376998,-12.18193156139561,-11.706703148335082,1.0,2655.7631798383177,68.50363870776816,0.6136728291901058,1.3421929632762766,16.02825182627928
3318.1004626201925,0.30291868787148407,0.4831691529335747,1.7453298232692553,False,,-14.924853957895195,-6.720640403191529,-3.461010486377594,-0.2221018098700364,2.4945224900765934,0.9994536307485546,1282.8496374499564,55.49357607387432,0.15655772204486923,1.3698138459602407,2.182999505561587
3666.033254700863,0.4494916404854815,0.3138884714873715,1.4493504766691863,False,,-13.083505426381095,-3.8822201224961415,-0.17344424101287192,3.2526116741832483,5.722061301938815,0.9999999999999714,1904.7559363652633,45.04836787235946,0.3084013965071426,1.3606440512574005,5.560841709639994
1129.7888632195302,0.7535592219290879,0.5008836894589657,1.3599699425859284,True,,,,,,,,,,,,
1735.3375501595185,0.5895044342921008,0.3938547501613408,1.6387168357009048,False,,-15.996406080969788,-8.220618507721497,-5.869415748096049,-4.194849378365231,-3.186964436747349,1.0,2071.393453551192,50.14908682500769,0.3573253126049829,1.3544825554445412,7.209509087366845
2003.798076156732,0.5226860031720325,0.46204970167966547,1.7920054591095362,False,,-15.505607349678241,-8.029292925764903,-5.537680475702544,-3.588586103464678,-2.3237714171751715,0.9999999999104345,1882.392793273527,55.4215785363855,0.2811790913342582,1.3585814935712315,6.311026099327695
2619.2267638779167,0.7693272389579344,0.22487977321350788,2.0560722141226195,False,,-32.94289135355654,-9.485923050355307,-6.829483087321755,-5.51757279354655,-4.902865672354481,1.0,2586.6171597064385,61.09556933034616,0.5963211039340999,1.3432007364884244,14.474720199006198
3981.4720498981733,0.6756964046583707,0.47955965720899485,1.167320253243226,False,,-14.117482726192698,-1.3884226898899632,3.6141161918456692,9.32591680078223,15.102422079333875,0.6118049436446832,1064.2581226888274,35.47053504978996,0.35165966846305213,1.351620784015743,0.20172054283006982
1699.5609781999774,0.5543011579452303,0.4317404090865875,2.482288882892564,False,,-23.830590813433655,-23.38229475630777,-23.048179309844116,-20.896536408072976,-18.582287348554775,0.4503453365501515,991.3866916011941,51.05350326057537,0.3149869492567874,1.3566795230856272,-9.191617327887016
827.2114485176909,0.40098987059863206,0.4074017415307622,2.1169689590500553,False,,-21.62585025364042,-14.956499297849387,-13.2034394799686,-11.999851339478377,-11.259179480395554,0.9999999999987481,1815.9099792047639,66.3708557942729,0.23762589898055436,1.3640995293199816,6.134776223292308
2976.5476245406153,0.2215712832727203,0.28901041175142905,2.3756392759160585,False,,-17.30226585178081,-9.758984674806605,-7.235550277218742,-5.0253214132343835,-3.3765177580424037,0.9999999951312954,1521.835491145101,76.18093318930804,0.15753487546177888,1.3730674885477114,4.831849000958894
1860.4648015858966,0.4531624409494244,0.5921120251672458,2.0209063054448433,False,,-16.466045444478645,-9.216984561028177,-6.701867636766812,-4.556015008252527,-3.0139544981332835,0.9999999989419819,1612.1024954464103,63.259355725866584,0.1848395103091283,1.3633492446030333,4.726953473088129
2348.897386145649,0.4975954478584997,0.27557212931665104,1.605807065127125,False,,-15.220137065795152,-7.174786520898444,-4.622270265045332,-2.748834176666997,-1.621697044230547,1.0,2103.00053300673,49.52967524843761,0.3604720107538603,1.3576915195666872,7.252256693818548
2297.3717202993703,0.6917370632971995,0.3173186939068431,2.355840971549178,False,,-30.996736459150263,-10.921491666969544,-8.464355442984457,-7.145246836132354,-6.49088681081883,1.0,2339.4226806923643,70.98126717798787,0.47223596184477695,1.3484359433677264,13.318849579309717
2130.7974467138683,0.3313714218586429,0.3863850226039216,2.0758007522162423,False,,-17.220290508543407,-10.09289106659592,-7.7631130157184876,-5.862349739937221,-4.550626367933205,0.9999999983080472,1712.4227680372605,65.6746882562162,0.20333446753349751,1.3675858788278248,5.44159385975593
2209.669121865659,0.29020559877045465,0.5039970527463831,1.9675789749441706,False,,-16.959760261670926,-9.622546641081756,-7.011149338219356,-4.650825680730577,-2.840051821194793,0.9999988571274753,1417.185247931233,62.74091409751932,0.14394283229964613,1.3706201895695063,3.325082873050035
1870.575918046182,0.5438303025706734,0.35313899086103645,2.233982701349725,True,,,,,,,,,,,,
3371.601317027402,0.5321378474298308,0.5317800494900625,2.093467102806086,False,,-13.68631215456717,-5.155866169193421,-1.932803946414532,0.9291005227194451,2.9997266048841857,0.9999999999040742,1729.8052095500173,64.77906072709352,0.24915755658806005,1.3589640243105845,6.478457576137307
3899.6287095998246,0.7060037764174398,0.37502615594808186,2.0675050819809675,False,,-20.563697403866303,-4.663941996683202,-1.2171311542085559,1.1842063839968116,2.565876540692768,1.0,2230.9877719476267,62.309392142718686,0.4412338940627783,1.3486346413992911,11.049896343551817
3228.500367048264,0.6394013320574945,0.38960965478033294,1.2489036373511153,False,,-11.33678045430577,-1.0051217039895715,3.8342074085478317,8.875342584265429,12.885898630686054,0.9996140500890897,1967.8538800218826,37.98275529475339,0.39028439980848906,1.3520144914492442,5.491398903426901
3788.36993430998,0.28781047981400626,0.442055600590742,1.9033789286415326,False,,-14.516294468097177,-6.45415238692063,-3.2108967458551403,0.019244545580243327,2.720341788745261,0.9995990911783523,1288.763129095282,60.60425115741471,0.16058224530351609,1.3703195578782612,2.450893050075531
2656.954879526079,0.4734278000989787,0.3694746278379166,1.3231527078432226,False,,-13.775348354547095,-5.259417030342092,-1.949381782994116,0.9716970621672374,2.989928352430616,0.9999999999999809,1903.8371255448449,41.05416431500368,0.298508239849285,1.3599867286288558,4.952172796460121
2785.2535182599227,0.2453193000658077,0.337398995020302,1.0815078804484433,False,,-15.09576158873407,-6.742229281027182,-3.2676514242364347,0.3369203597561392,3.481485644845918,0.9958059832140652,1275.0846795378902,34.57528648406826,0.16254881476452027,1.3719806564098695,1.3544501162045672
1555.7903123989192,0.3179069584960481,0.42408559527952716,1.9791096073336425,False,,-18.670971924867057,-11.641712030371812,-9.436832134296461,-7.654419038190026,-6.419874101036082,1.0,1660.80993617729,62.76513432688721,0.1830871967587476,1.3685923816301069,4.644954001751737
2949.9637473738444,0.7150668422753785,0.5076074658799878,1.175610066749952,False,,-18.28463532630651,-2.0994971726263905,3.4180068796375154,9.84755984391043,16.221621911905693,0.9557241057115186,1108.7405547824603,35.58961123296455,0.3520935745331687,1.3502743645562498,1.3447273728247295
2497.7696597779136,0.7905081672631924,0.3807915595097645,1.0091183132386228,False,,-34.39037848268986,-3.228291136098689,1.9220793395855993,6.562639761417298,9.70303501166154,0.9999999999999989,2242.993840946933,30.138883477163045,0.4894893294458356,1.3448087679492222,5.678800735750711
1184.2646427904451,0.649524754012178,0.4179461143332529,1.9478588586988401,False,,-17.74411767977886,-10.907397628858865,-9.072119462757554,-7.912057809386201,-7.2327397855502085,1.0,2117.673020383023,59.23263272499672,0.3780584069095263,1.351936303016108,8.83770626951396
3783.507237940879,0.42074733160404615,0.5245430870533626,2.460975979020811,False,,-14.652872404797995,-6.407802427910919,-3.397695087818683,-0.6880258919420003,1.339752247322656,0.9999994887105003,1555.435827022322,77.1929806224363,0.20004722741499495,1.364221376578747,6.144912504548429
1072.4633572098787,0.7460244258050848,0.4035132431239422,1.69683270807701,False,,-45.736812940477556,-17.34199309517149,-14.061635822773013,-12.553143646560867,-11.841109565060778,1.0,2281.5241880662047,51.023384242493925,0.4449936902987982,1.3472221265055673,8.64005559927917
2338.6152695615338,0.27540779052242226,0.49739568654856164,1.0611176448625486,False,,-15.323467869460616,-7.090050917475285,-3.634544891583001,0.004708135535583136,3.26745195161754,0.9936843668660021,1223.407350414286,33.855048452689026,0.1384211434746996,1.3713447945093307,0.9592127389430968
1770.9797866674874,0.6065695181744728,0.5766256577137047,2.044321025476978,False,,-15.826705432301313,-8.427646153062922,-5.9916970881803975,-4.077655118841461,-2.814626736422028,0.9999999999997478,1795.2977194640714,62.805077136849,0.25680597080803247,1.3561253130018223,6.50102748086101
3546.7457424576646,0.5106039998784613,0.2590536385404532,2.1020387927542385,False,,-14.166477642179451,-5.789190983013274,-3.118616902833969,-1.1967188957416002,-0.05288178912373179,1.0,2142.999916811774,64.69421505964779,0.3783301758566368,1.3568164824228353,9.970905866867831
3410.4954791500963,0.2600044763476288,0.33111438421297823,1.779373437305515,False,,-15.358123262133375,-7.3494560849042605,-4.320153400461586,-1.4614939350277716,0.7915399787622961,0.9999895093847606,1431.100884686326,56.786402595913685,0.17391325426916582,1.3711153864816317,3.5059274942692342
3516.1860833288893,0.5011161602965389,0.232672652575957,1.613617022160864,False,,-13.226259634126425,-4.3124892611198575,-1.1328713058605535,1.368024176797854,2.9169755215573385,0.9999999999999821,2140.3441376012966,49.68396770946082,0.38452013403166474,1.3570180869194841,7.751859491993272
3624.25491394709,0.2305148330055169,0.2799033349893184,2.496989649274486,False,,-16.55142581058754,-8.821115773926051,-6.178346161835036,-3.840781246848967,-2.0828134707646644,0.9999999699629539,1516.2184566375618,79.99442801639245,0.1659929624827669,1.372498822822777,5.289460695193685
2861.38344576057,0.6208100989067231,0.4031994956681765,1.8974777236160119,False,,-13.773231159397739,-5.275252080609349,-2.4429246221932326,-0.3171996667951069,0.989536451288079,1.0,2082.628300146843,57.884343636556444,0.3704997801218216,1.353095572138986,8.662895975103769
3598.4738149292466,0.30599518073179166,0.27024068189942574,2.190348645011195,False,,-15.559752499565136,-7.711573499211262,-5.011677913249886,-2.7268960739602925,-1.1203263711801894,1.0,1755.1639291585195,69.34925408327612,0.22330283443289425,1.3681093629894168,6.360355746228341
3463.3353685518496,0.4174773450490351,0.2508493729055705,1.654624851942795,False,,-14.042619802329876,-5.5174896386759995,-2.453681580492561,0.08596507463022007,1.7642485734030964,1.0,1971.121039116369,51.57684679400813,0.31275341484120217,1.3617365689433683,6.5770777224324215
2703.8419952627273,0.5559925909457031,0.5225381572645753,2.0268823894634616,False,,-14.43561938681262,-6.3298889967204035,-3.463468550872594,-1.0849315619740036,0.5376609045798785,0.9999999999997895,1811.148000899288,62.566013745806195,0.2654652470201786,1.3577341644523362,6.721536756044332
1289.1661589512669,0.20981918644752653,0.43664856721957096,2.21185427603732,False,,-20.004237739992057,-13.396664495959312,-11.263784843136346,-9.43218493255561,-8.056794094925584,0.9999999947732583,1442.9241018490955,71.22025200201396,0.11820193931003804,1.3745009715865537,3.2912674935664255
1625.2431484632752,0.21704428091944516,0.4843976182440016,2.3450796192895993,True,,,,,,,,,,,,
1678.5466582668987,0.2569184551503624,0.563192164828066,1.1264481786079148,False,,-16.681242524116353,-9.048302158643644,-6.03090344031615,-3.011055474131968,-0.4109013580123039,0.9980293948107396,1248.8049825326902,36.0995174229228,0.11222399420994741,1.3727186282498054,0.9772723630383048
3630.636504006349,0.6442239350377945,0.36088459636021614,1.2725869813641388,False,,-10.905356081655047,-0.0560830995531255,5.278632422558809,11.279302647454324,16.562182745586647,0.9892808073871718,1879.3117465552532,38.63968178664612,0.41173344027609,1.3513750054343048,5.509167581271806
857.9893463680982,0.7435232048732796,0.31180483972733813,2.256971073411651,False,,-47.05030907556477,-29.859363406173753,-21.82366839998255,-20.23817610903449,-19.739998891594198,1.0,2519.167563782087,68.33788106451695,0.5116890711442099,1.34586196542781,12.178672085095968
2678.06898266777,0.37427434872667475,0.5101799184881397,1.233733217093566,False,,-14.378078963019457,-5.7867591017550115,-2.1465336238074904,1.6149058784196413,4.825402183081765,0.9954381220752619,1274.7182326358559,38.901123960360366,0.18332709200109826,1.3663888585345378,1.7495013864816402
3173.865941878555,0.21270719678770755,0.21405306350552863,1.6795448957236527,False,,-15.894790643998883,-8.085117244089293,-5.177336189384198,-2.4592864649031227,-0.32745022924527184,0.9999960050202761,1460.9076571314772,53.879506993265615,0.16717656968562541,1.3731971927094346,3.3805327299752452
3969.3749602687985,0.5724582363077654,0.4119865520308641,1.8440728908814674,False,,-12.32309224989811,-2.9350400920607638,0.7749465144213227,4.037368772892746,6.292241065916271,0.9999999999997093,1950.3745365046293,56.4780843070606,0.33661314134965953,1.3555475522905882,7.574847280745251
2850.1541993013934,0.7243295269506362,0.5390730815140624,1.9211911924529899,False,,-32.94994767761989,-6.831031000633509,-3.2106493577177035,-0.4471577456627428,1.3148223536514327,0.9999999993482507,1948.9593975298299,58.1699208400097,0.3338629768257336,1.3503595497677445,7.788735066153612
1726.1130999648587,0.7014504765135936,0.30339931738367104,1.1048557049252867,False,,-20.7564097096375,-6.536226560104323,-3.424125896213337,-1.2663575295391576,-0.06346427958230175,1.0,2352.2545295933223,33.21897767596142,0.4886308807609185,1.3477535569148331,6.5019383166549405
1021.0779123973168,0.5291343607678876,0.326360929980586,1.297705834638996,False,,-17.70866638411967,-10.652132732151177,-8.596791331026292,-7.186862490502038,-6.348933008487096,1.0,2089.9204851129207,39.931360587329756,0.3564455787029968,1.35664574545206,5.649694305662611
975.2559143018307,0.631945062264817,0.24455123627527248,1.5323523637926804,False,,-18.74355808087285,-11.45627218839766,-9.724401356301227,-8.745270797479012,-8.222421963882228,1.0,2373.5219349598415,46.551536095946446,0.47740211602990196,1.3503454007016893,8.661741029351084
811.2528742451323,0.37650112027705473,0.4745025561491823,1.150742569878806,False,,-18.86107952762579,-11.990828394640547,-9.722631549404399,-7.875885967965105,-6.5914556225888905,1.0,1684.590250206293,36.24889193185762,0.19785037631256155,1.3659633883410547,2.842919260391259
1217.9779904496493,0.6131477014698257,0.34843481396241394,2.135131608011447,False,,-20.689998742098076,-14.252080868056128,-11.03755252731797,-9.897708882401691,-9.209868235327628,1.0,2175.6088486106773,65.05416756146838,0.3995056961767052,1.3527175678833954,9.967879455028921
